time_s,desired_deg,actual_deg,error_deg,commanded_deg
0.00028832699899794534,0.8362518023193131,0.8351648351648352,0.0010869671544778692,0.8384257366282688
0.050813116999052,1.0265956249286434,0.8351648351648352,0.19143078976380823,1.4094572044562599
0.1013072519999696,1.2160533897402532,0.8351648351648352,0.38088855457541804,1.9778304988910893
0.15198399200016866,1.4046540158042016,1.098901098901099,0.3057529169031026,2.016159849610407
0.20272286600084044,1.5911725801779943,1.5384615384615385,0.0527110417164558,1.696594663610906
0.2535112690020469,1.7747960519429333,1.5384615384615385,0.23633451348139478,2.247465078905723
0.3040670370028238,1.9537796834805619,1.5384615384615385,0.4153181450190233,2.7844159735186085
0.35468996700365096,2.12847846266063,1.978021978021978,0.15045648463865202,2.429391431937934
0.40549259800172877,2.298536624846144,2.241758241758242,0.056778383087902284,2.4120933910219486
0.4567252510023536,2.4639943118905965,2.1538461538461537,0.31014815804444273,3.084290627979482
0.507684992000577,2.621876628795663,2.241758241758242,0.3801183870374212,3.3821134028705053
0.5582968320013606,2.7714327927878926,2.769230769230769,0.0022020235571234004,2.7758368399021394
0.6091721490010968,2.913875596702502,2.857142857142857,0.05673273955964486,3.027341075821792
0.6595146469990141,3.0464680938873996,2.857142857142857,0.18932523674454238,3.4251185673764843
0.7102016380013083,3.1710288090955734,2.857142857142857,0.3138859519527162,3.7988007130010057
0.7608260909983073,3.2859799961258864,3.208791208791209,0.07718878733467749,3.4403575707952414
0.8114620819978882,3.3910386900411704,3.208791208791209,0.18224748124996148,3.7555336525410934
0.8619228360039415,3.485442879813328,3.208791208791209,0.27665167102211896,4.038746221857566
0.9125557029983611,3.5694610744770316,3.4725274725274726,0.09693360194955902,3.7633282783761497
0.9632961410025018,3.6425564356535136,3.6483516483516483,-0.005795212698134655,3.6309660102572443
1.0139089840013185,3.7041012512807923,3.5604395604395602,0.14366169084123204,3.9914246329632563
1.0647583680038224,3.754250364626815,3.5604395604395602,0.1938108041872546,4.141871973001324
1.1153135490021668,3.7922979609676646,3.5604395604395602,0.23185840052810436,4.256014762023874
1.1658931519996258,3.8184242982984915,3.5604395604395602,0.2579847378589313,4.334393774016354
1.2167400210018968,3.832544892992083,3.7362637362637363,0.09628115672834658,4.0251072064487765
1.2675185970001621,3.8344379060027487,3.912087912087912,-0.07765000608516326,3.679137893832422
1.3181233499999507,3.824178882115879,3.912087912087912,-0.08790902997203309,3.6483608221718127
1.3691407360020094,3.801604973339495,3.912087912087912,-0.11048293874841697,3.580639095842661
1.4198474119984894,3.7670911076227505,3.912087912087912,-0.1449968044651615,3.4770974986924275
1.4703975439988426,3.720838415216693,3.912087912087912,-0.19124949687121884,3.3383394214742554
1.5212126640035422,3.6626116290311383,3.912087912087912,-0.2494762830567736,3.163659062917591
1.5720307430019602,3.592855143874311,3.912087912087912,-0.31923276821360114,2.9543896074471085
1.622470925001835,3.5124994226570627,3.5604395604395602,-0.047940137782497505,3.4166191470920677
1.673309869998775,3.4206285183456546,3.4725274725274726,-0.051898954181818,3.3168306099820186
1.723547501002031,3.3194802748280194,3.4725274725274726,-0.15304719769945319,3.013385879429113
1.7743177480006125,3.207205415896583,3.4725274725274726,-0.2653220566308896,2.676561302634804
1.8252438950003125,3.0848898869196657,3.2967032967032965,-0.21181340978363083,2.661263067352404
1.8759459229986533,2.953962105552222,2.9450549450549453,0.008907160497276578,2.971776426546775
1.926914174000558,2.813681695790295,2.9450549450549453,-0.13137324926465022,2.5509351972609946
1.977658463998523,2.6659566800371275,2.9450549450549453,-0.27909826501781776,2.107760150001492
2.028527807997307,2.510398657836636,2.9450549450549453,-0.43465628721830907,1.641086083400018
2.0792509780003456,2.3484732710860987,2.4175824175824174,-0.06910914649631872,2.2102549780934613
2.129863027999818,2.1807760184365357,2.241758241758242,-0.06098222332170611,2.0588115717931235
2.1803958710006555,2.007912337811162,2.241758241758242,-0.23384590394707994,1.540220529917002
2.2311386069995933,1.829574710931822,2.241758241758242,-0.4121835308264199,1.005207649278982
2.2817716680001467,1.6475932050031439,1.8021978021978022,-0.15460459719465836,1.3383840106138272
2.3325533129973337,1.4617759555781182,1.4505494505494505,0.011226505028667733,1.4842289656354537
2.3832714759992086,1.273644614527493,1.5384615384615385,-0.26481692393404566,0.7440107666594016
2.4340583000011975,1.083474786641439,1.5384615384615385,-0.4549867518200996,0.17350128300123968
2.484766228000808,0.8925912949720329,0.9230769230769231,-0.030485628104890194,0.8316200387622525
2.535577121998358,0.7010869204565873,0.7472527472527473,-0.04616582679615999,0.6087552668642673
2.5863441530018463,0.51029337337649,0.7472527472527473,-0.23695937387625732,0.03637462562397531
2.637493258000177,0.3194025726132623,0.7472527472527473,-0.42785017463948494,-0.5362977766657075
2.688333928002976,0.1317721585993965,0.21978021978021978,-0.08800806118082327,-0.04424396376225004
2.7390432710017194,-0.05251527682357904,-0.04395604395604396,-0.008559232867535078,-0.0696337425586492
2.7895969329983927,-0.23265092601309478,-0.04395604395604396,-0.18869488205705082,-0.6100406901271964
2.8403387240032316,-0.40912396354640934,-0.04395604395604396,-0.3651679195903654,-1.13945980272714
2.8909919720026664,-0.5802453205101955,-0.3956043956043956,-0.18464092490579992,-0.9495271703217953
2.9419941960004508,-0.7467518279198259,-0.7472527472527473,0.0005009193329214012,-0.7457499892539831
2.9927205459971447,-0.9059156853150335,-0.6593406593406593,-0.2465750259743742,-1.3990657372637818
3.043539794998651,-1.058278940262995,-0.6593406593406593,-0.39893828092233574,-1.8561555021076666
3.094216427001811,-1.2025282757203755,-1.2747252747252746,0.07219699900489918,-1.058134277710577
3.1449125180006376,-1.3385672729619325,-1.3626373626373627,0.02407008967543023,-1.290427093611072
3.1954954670000006,-1.4655133817493842,-1.1868131868131868,-0.27870019493619735,-2.022913771621779
3.2460551580006722,-1.5831149941625355,-1.3626373626373627,-0.22047763152517286,-2.0240702572128813
3.2964936249991297,-1.690711429792644,-1.8021978021978022,0.11148637240515824,-1.4677386849823275
3.3473043990015867,-1.7888444658756648,-1.6263736263736264,-0.16247083950203844,-2.1137861448797417
3.397806048000348,-1.8757843879376686,-1.7142857142857142,-0.16149867365195436,-2.1987817352415773
3.4485387280001305,-1.9521319721880492,-1.7142857142857142,-0.23784625790233505,-2.4278244879927193
3.4990636829970754,-2.016911960933401,-1.89010989010989,-0.12680207082351114,-2.2705161025804235
3.549464149000414,-2.0700816083895544,-2.1538461538461537,0.08376454545659939,-1.9025525174763556
3.600501148997864,-2.1120503497555783,-2.1538461538461537,0.041795804090575484,-2.0284587415744273
3.6513814619975165,-2.1418275176787342,-2.1538461538461537,0.012018636167419494,-2.1177902453438953
3.7022245780026424,-2.1594302407240686,-2.1538461538461537,-0.0055840868779148956,-2.1705984144798984
3.7527522739983397,-2.1648172218834416,-2.1538461538461537,-0.010971068037287868,-2.1867593579580173
3.803029021997645,-2.1581766479759215,-2.1538461538461537,-0.004330494129767715,-2.166837636235457
3.853791834997537,-2.1393538632227895,-2.1538461538461537,0.014492290623364212,-2.110369281976061
3.9046223900004406,-2.108381914327159,-2.1538461538461537,0.04546423951899481,-2.0174534352891693
3.9554927429999225,-2.0653658105952615,-2.1538461538461537,0.08848034325089227,-1.888405124093477
4.005998583001201,-2.010935569797301,-2.1538461538461537,0.14291058404885293,-1.725114401699595
4.0568650720015285,-1.9445336201043464,-2.1538461538461537,0.20931253374180736,-1.5259085526207317
4.107290471001761,-1.867500269585857,-2.1538461538461537,0.28634588426029683,-1.2948085010652632
4.1579576279982575,-1.7791716110462352,-1.978021978021978,0.19885036697574288,-1.3814708770947495
4.208621429999766,-1.6802551719733883,-1.7142857142857142,0.03403054231232594,-1.6121940873487364
4.25896431900037,-1.5718685575957072,-1.7142857142857142,0.14241715669000699,-1.2870342442156932
4.309518200003367,-1.4533375542615397,-1.7142857142857142,0.26094816002417454,-0.9314412342131906
4.360060651997628,-1.3256036275599645,-1.7142857142857142,0.38868208672574966,-0.5482394541084652
4.410791011003312,-1.1886332941307578,-1.2747252747252746,0.08609198059451684,-1.0164493329417241
4.461632931001077,-1.0431130698322906,-1.010989010989011,-0.032124058843279624,-1.1073611875188498
4.512174297000456,-0.8908553590739617,-1.010989010989011,0.12013365191504921,-0.6505880552438633
4.562491524004145,-0.7323581039460897,-1.010989010989011,0.27863090704292126,-0.17509628986024717
4.613274911003828,-0.5660421575644122,-1.010989010989011,0.4449468534245987,0.3238515492847852
4.663956739001151,-0.3943709516915813,-0.4835164835164835,0.0891455318249022,-0.2160798880417769
4.714921528000559,-0.21671518216027608,-0.13186813186813187,-0.0848470502921442,-0.3864092827445645
4.76521858900378,-0.037155243176176134,-0.13186813186813187,0.09471288869195574,0.15227053420773534
4.816019637000863,0.14773765467797983,-0.13186813186813187,0.2796057865461117,0.7069492277702032
4.866283447998285,0.3334341842698262,-0.13186813186813187,0.465302316137958,1.2640388165457423
4.917236244997184,0.5237150223100036,0.3956043956043956,0.12811062670560797,0.7799362757212195
4.967986704003124,0.7145101028867659,0.6593406593406593,0.055169443546106534,0.8248489899789789
5.018570737003756,0.9051685098867712,0.6593406593406593,0.2458278505461119,1.396824210978995
5.0694080910034245,1.0964955354048822,0.6593406593406593,0.4371548760642229,1.970805287533328
5.119920965997153,1.2855470303595542,1.1868131868131868,0.09873384354636738,1.483014717452289
5.170459973000106,1.4728806975673345,1.2747252747252746,0.1981554228420599,1.8691915432514543
5.221166429000732,1.6582501172791009,1.2747252747252746,0.38352484255382624,2.4252998023867534
5.271973048998916,1.8406345631395409,1.6263736263736264,0.2142609367659145,2.26915643667137
5.322820879002393,2.0190646101386416,1.978021978021978,0.04104263211666348,2.1011498743719685
5.373438307004108,2.191887964130452,1.89010989010989,0.3017780740205618,2.7954441121715754
5.424232327997743,2.359797337221291,1.89010989010989,0.46968744711140076,3.2991722314440923
5.4749393870006315,2.52122597126698,2.5054945054945055,0.01573146577247453,2.552688902811929
5.525835909000307,2.6763749988478547,2.769230769230769,-0.09285577038291448,2.4906634580820257
5.576661163999233,2.823793631274596,2.5934065934065935,0.2303870378680024,3.2845677070106007
5.627276744002302,2.962545672607729,2.681318681318681,0.28122699128904793,3.524999655185825
5.677781575002882,3.0924189910985853,3.032967032967033,0.05945195813155246,3.2113229073616902
5.7285296480040415,3.213762150747391,3.120879120879121,0.09288302986827013,3.3995282104839313
5.779281461997016,3.3254430388882543,3.032967032967033,0.29247600592122147,3.9103950507306973
5.8298049090008135,3.42656460621402,3.032967032967033,0.39359757324698696,4.213759752707993
5.8805148280007415,3.5175587935688157,3.4725274725274726,0.04503132104134311,3.607621435651502
5.931338725997193,3.5978316849892105,3.7362637362637363,-0.13843205127452585,3.3209675824401588
5.981967699000961,3.6665966641133436,3.7362637362637363,-0.0696670721503927,3.5272625198125582
6.032754594001744,3.724065043306763,3.7362637362637363,-0.01219869295697329,3.6996676573928164
6.08368959800282,3.769886586594912,3.7362637362637363,0.03362285033117551,3.837132287257263
6.134393216998433,3.8035629007117953,3.7362637362637363,0.06729916444805895,3.938161229607913
6.185342238997691,3.8252676118220683,3.7362637362637363,0.089003875558332,4.003275362938732
6.236019515999942,3.834701874353629,3.7362637362637363,0.09843813808989266,4.031578150533415
6.286633648000134,3.8319865370950987,3.7362637362637363,0.09572280083136242,4.023432138757824
6.337289046001388,3.8171348660205555,3.7362637362637363,0.0808711297568192,3.978877125534194
6.388043040999037,3.790140149479392,3.7362637362637363,0.05387641321565573,3.8978929759107035
6.438723264000146,3.751194594391407,3.7362637362637363,0.01493085812767081,3.7810563106467487
6.489485534002597,3.7003339802331503,3.7362637362637363,-0.03592975603058601,3.6284744681719783
6.540474269997503,3.6375139160898398,3.7362637362637363,-0.09874982017389655,3.4400142757420467
6.5911630320042605,3.5636629908030306,3.7362637362637363,-0.1726007454607057,3.2184614998816192
6.641874465000001,3.478704913809363,3.7362637362637363,-0.25755882245437345,2.963587268900616
6.69286588900286,3.382457672887014,3.7362637362637363,-0.35380606337672216,2.67484554613357
6.743729200003145,3.2760357738486934,3.2967032967032965,-0.02066752285460316,3.234700728139487
6.794509163999464,3.159844086671614,3.032967032967033,0.12687705370458113,3.4135981940807762
6.845206828002119,3.034400624115923,3.120879120879121,-0.08647849676319774,2.8614436305895277
6.8959103070010315,2.9000180606285153,3.120879120879121,-0.2208610602506056,2.458295940127304
6.946516805001011,2.757536321535341,3.032967032967033,-0.27543071143169184,2.2066748986719573
6.997877993002476,2.6049862712976335,2.769230769230769,-0.16424449793313567,2.276497275431362
7.04842542699771,2.4476540009710765,2.5934065934065935,-0.14575259243551697,2.1561488161000426
7.0991581690032035,2.2832061197496567,2.5054945054945055,-0.22228838574484877,1.8386293482599592
7.149887669002055,2.1128858713796177,2.5054945054945055,-0.3926086341148878,1.3276686031498421
7.200390270998469,1.9381703924029106,2.1538461538461537,-0.21567576144324319,1.5068188695164242
7.251243769002031,1.7577552801403313,1.8021978021978022,-0.0444425220574709,1.6688702360253895
7.301603537998744,1.5753777110265705,1.8021978021978022,-0.2268200911712317,1.1217375286841071
7.352381279997644,1.388488072275642,1.7142857142857142,-0.3257976420100721,0.7368927882554979
7.403087917999073,1.1996123516017765,1.3626373626373627,-0.1630250110355862,0.8735623295306041
7.453721867997956,1.0095309599283324,1.098901098901099,-0.08937013897276658,0.8307906819827993
7.5045250820039655,0.8181057698426201,1.098901098901099,-0.2807953290584789,0.2565151117256622
7.555244262002816,0.6270661202538232,1.098901098901099,-0.47183497864727575,-0.31660383704072825
7.605778140001348,0.4375639275809945,0.5714285714285714,-0.1338646438475769,0.1698346398858407
7.656484715997067,0.24902603843225324,0.13186813186813187,0.11715790656412137,0.48334185156049597
7.707226949998585,0.0627372936603462,0.3076923076923077,-0.24495501403196152,-0.42717273440357684
7.758000631001778,-0.12052426279620321,0.21978021978021978,-0.340304482576423,-0.8011332279490492
7.808605062004062,-0.29930591449319277,-0.3076923076923077,0.008386393199114939,-0.2825331280949629
7.859359435002261,-0.47401009058195653,-0.3956043956043956,-0.07840569497756095,-0.6308214805370784
7.910143546003383,-0.6434880703129552,-0.3956043956043956,-0.2478836747085596,-1.1392554197300744
7.960852246003924,-0.8067081514054678,-0.3956043956043956,-0.4111037558010722,-1.6289156630076123
8.011287273002381,-0.9624376938060225,-0.8351648351648352,-0.12727285864118731,-1.216983411088397
8.061897225001303,-1.111450798291553,-1.1868131868131868,0.0753623885216339,-0.9607260212482851
8.112430230998143,-1.2523846628979203,-1.010989010989011,-0.24139565190890933,-1.735175966715739
8.163203090000025,-1.3855114616002768,-1.098901098901099,-0.28661036269917783,-1.9587321869986325
8.214167693004129,-1.5100521772834021,-1.6263736263736264,0.11632144909022424,-1.2774092791029537
8.264831699001661,-1.6243282411705726,-1.5384615384615385,-0.08586670270903407,-1.7960616465886408
8.315606547999778,-1.728855346375504,-1.4505494505494505,-0.2783058958260536,-2.2854671380276113
8.366457668002113,-1.8230807769284332,-1.5384615384615385,-0.28461923846689463,-2.3923192538622224
8.417340040999989,-1.906503082401649,-1.978021978021978,0.0715188956203292,-1.7634652911609905
8.46806946900324,-1.9785201658698859,-2.065934065934066,0.08741390006418026,-1.8036923657415254
8.518238541997562,-2.038500806938817,-2.065934065934066,0.027433258995249066,-1.983634288948319
8.568994458997622,-2.087563283741096,-2.065934065934066,-0.021629217807029644,-2.130821719355155
8.61977611600014,-2.124755610837517,-2.065934065934066,-0.05882154490345082,-2.2423987006444186
8.670371726999292,-2.1498285347929618,-2.065934065934066,-0.08389446885889562,-2.317617472510753
8.721112147002714,-2.162858678461586,-2.065934065934066,-0.09692461252751983,-2.3567079035166256
8.771968831002596,-2.1636920304187885,-2.065934065934066,-0.0977579644847224,-2.3592079593882334
8.822402391997457,-2.1524267242809194,-2.065934065934066,-0.08649265834685327,-2.325412040974626
8.87326201399992,-2.1289180858818386,-2.065934065934066,-0.06298401994777247,-2.2548861257773836
8.923958790997858,-2.0934392144318474,-2.065934065934066,-0.027505148497781295,-2.14844951142741
8.974684949003858,-2.0460473578008176,-2.065934065934066,0.019886708133248554,-2.0062739415343205
9.025379789003637,-1.9869921551864453,-2.065934065934066,0.0789419107476208,-1.8291083336912037
9.076121974998387,-1.916416471151181,-2.065934065934066,0.14951759478288507,-1.617381281585411
9.126879408002424,-1.8346306715725866,-2.065934065934066,0.2313033943614795,-1.3720238828496276
9.1777754010036,-1.7417194436362498,-2.065934065934066,0.3242146222978164,-1.093290199040617
9.22860129000037,-1.6384203560838064,-1.978021978021978,0.33960162193817167,-0.9592171122074631
9.279361332999542,-1.525187333016282,-1.4505494505494505,-0.07463788246683145,-1.6744630979499449
9.329526162997354,-1.4038479169211122,-1.5384615384615385,0.13461362154042633,-1.1346206738402596
9.38012521500059,-1.2724491681260912,-1.5384615384615385,0.26601237033544733,-0.7404244274551965
9.430724623001879,-1.1325311787065395,-1.5384615384615385,0.405930359754999,-0.32067045919654147
9.481310914998176,-0.9846996582022157,-1.098901098901099,0.11420144069888327,-0.7562967768044492
9.531993217999116,-0.829215471010048,-0.8351648351648352,0.005949364154787196,-0.8173167427004736
9.582683319000353,-0.6669568562392135,-0.8351648351648352,0.16820797892562167,-0.3305408983879702
9.633387654001126,-0.49855727176189457,-0.8351648351648352,0.3366075634029406,0.17465785504398668
9.684175025002332,-0.32445610786687806,-0.6593406593406593,0.33488455147378127,0.34531299508068447
9.734885468998982,-0.14590729513397283,-0.13186813186813187,-0.014039163265840954,-0.17398562166565473
9.785750595998252,0.03718625284170807,-0.13186813186813187,0.16905438470983994,0.37529502226138794
9.836473073999514,0.22301247411438274,-0.13186813186813187,0.3548806059825146,0.9327736860794119
9.887169945002825,0.41122931106346094,0.04395604395604396,0.367273267107417,1.145775845278295
9.937726821997785,0.6006400203333365,0.5714285714285714,0.029211448904765125,0.6590629181428668
9.988515773999097,0.7918718259177271,0.5714285714285714,0.2204432544891557,1.2327583348960385
10.039234894997207,0.9830169856661684,0.6593406593406593,0.323676326325509,1.6303696383171864
10.090027416998055,1.1738366888992293,1.010989010989011,0.16284767791021837,1.499532044719666
10.140719748000265,1.3629053000765508,1.098901098901099,0.26400420117545176,1.8909137024274543
10.191538999999466,1.5502977995370326,1.1868131868131868,0.3634846127238458,2.277267024984724
10.242137305998767,1.7339801334752403,1.6263736263736264,0.1076065071016139,1.949193147678468
10.293081533003715,1.9152466255823772,1.7142857142857142,0.20096091129666305,2.3171684481757033
10.34390637800243,2.091679402240197,1.8021978021978022,0.289481600042395,2.670642602324987
10.394368929002667,2.261787031870474,1.978021978021978,0.2837650538484957,2.8293171395674652
10.445064872998046,2.4269056955244688,2.241758241758242,0.185147453766227,2.7972006030569228
10.495935359998839,2.5861008077226053,2.32967032967033,0.2564304780522755,3.0989617638271563
10.546130970004015,2.7361756182168397,2.5054945054945055,0.23068111272233427,3.1975378436615083
10.597183051999309,2.881051915144151,2.769230769230769,0.11182114591338177,3.1046942069709145
10.647976287997153,3.016841094753762,2.769230769230769,0.2476103255229929,3.512061745799748
10.698353829997359,3.1427438215599337,2.769230769230769,0.37351305232916454,3.889769926218263
10.74874101900059,3.2594230082930404,3.208791208791209,0.0506317995018315,3.3606866072967034
10.799293130003207,3.3667197214203544,3.3846153846153846,-0.01789566319503022,3.330928395030294
10.84997835700051,3.464045566988819,3.3846153846153846,0.07943018237343447,3.622905931735688
10.900633488003223,3.550661975686973,3.3846153846153846,0.16604659107158826,3.8827551578301494
10.951473991000967,3.6265351067865175,3.3846153846153846,0.2419197221711329,4.110374551128784
11.002150906002498,3.690829692489695,3.3846153846153846,0.30621430787431025,4.303258308238315
11.053031353003462,3.743735240278197,3.7362637362637363,0.007471504014460617,3.758678248307118
11.104045353997208,3.784846180352253,3.8241758241758244,-0.03932964382357129,3.7061868927051105
11.154832915999577,3.8137375648886542,3.8241758241758244,-0.010438259287170126,3.792861046314314
11.205440673002158,3.8304629203698073,3.8241758241758244,0.006287096193982933,3.843037112757773
11.255960449998383,3.835080682658569,3.8241758241758244,0.010904858482744473,3.8568903996240578
11.306526909997046,3.827599313884803,3.8241758241758244,0.0034234897089784333,3.8344462933027597
11.357385718001751,3.8078910828973305,3.8241758241758244,-0.016284741278493886,3.7753216003403427
11.408142672000395,3.776120346030962,3.8241758241758244,-0.04805547814486255,3.6800093897412367
11.45907095700386,3.732221351546017,3.8241758241758244,-0.09195447262980716,3.548312406286403
11.509809552997467,3.676690096111812,3.8241758241758244,-0.14748572806401228,3.3817186399837875
11.56028195500403,3.609992597063067,3.8241758241758244,-0.21418322711275728,3.1816261428375525
11.61100326399901,3.531725179625236,3.8241758241758244,-0.29245064455058856,2.9468238905240587
11.661563319001289,3.4428071385738304,3.8241758241758244,-0.381368685601994,2.6800697673698424
11.712289486000373,3.3430225465129237,3.3846153846153846,-0.04159283810246084,3.259836870308002
11.763112592001562,3.232831478983655,3.120879120879121,0.11195235810453408,3.456736195192723
11.813900588997058,3.112950052334201,3.120879120879121,-0.007929068544919815,3.0970919152443614
11.864683833999152,2.983806270440678,3.120879120879121,-0.13707285043844308,2.7096605695637916
11.915448273000948,2.845967739539188,3.120879120879121,-0.27491138133993287,2.2961449768593223
11.966486124998482,2.6991415302227195,2.9450549450549453,-0.24591341483222573,2.207314700558268
12.017224330003955,2.5455787820924494,2.5934065934065935,-0.04782781131414415,2.449923159464161
12.06806153999787,2.3847455036367884,2.5934065934065935,-0.20866108976980513,1.9674233240971781
12.118829122002353,2.2178232516603185,2.5934065934065935,-0.37558334174627506,1.4666565681677683
12.16951574900304,2.045554767358638,2.241758241758242,-0.19620347439960373,1.6531478185594306
12.22032508799748,1.8679430504654015,1.89010989010989,-0.022166839644488512,1.8236093711764245
12.270933796004101,1.686847723563525,1.89010989010989,-0.20326216654636498,1.2803233904707951
12.321475194003142,1.502556279667358,1.89010989010989,-0.3875536104425321,0.7274490587822937
12.372194706003938,1.3149107972498317,1.5384615384615385,-0.22355074121170682,0.8678093148264181
12.423096078004164,1.1246347225638085,1.1868131868131868,-0.06217846424937834,1.0002777940650518
12.473784975001763,0.9339752768924559,1.1868131868131868,-0.25283790992073096,0.4282994570509939
12.524424593000731,0.7431007452721833,1.1868131868131868,-0.44371244154100353,-0.14432413780982378
12.575169128998823,0.5522051299833702,0.7472527472527473,-0.19504761726937703,0.16210989544461618
12.625860760002979,0.3626566776445089,0.3956043956043956,-0.03294771795988671,0.29676124172473545
12.676602669002023,0.17484003137051174,0.4835164835164835,-0.3086764521459718,-0.4425128729214318
12.727300409002055,-0.010132965290527651,0.3956043956043956,-0.40573736089492324,-0.8216076870803741
12.777935090001847,-0.19145286239374137,-0.21978021978021978,0.028327357386478402,-0.13479814762078457
12.828676650002308,-0.3689867451120764,-0.3076923076923077,-0.0612944374197687,-0.4915756199516138
12.879636632002075,-0.5423579758990099,-0.3076923076923077,-0.2346656682067022,-1.0116893123124142
12.930373520001012,-0.7093611113356696,-0.3076923076923077,-0.4016688036433619,-1.5126987186223935
12.981201162998332,-0.8703692565269171,-0.8351648351648352,-0.035204421362081906,-0.9407780992510809
13.032011679002608,-1.0243711695264968,-1.010989010989011,-0.013382158537485811,-1.0511354866014684
13.082800174001022,-1.170732839632839,-1.010989010989011,-0.15974382864382797,-1.4902204969204949
13.133515868998074,-1.30873461594153,-1.010989010989011,-0.2977456049525191,-1.9042258258465683
13.18387596699904,-1.4371564936419454,-1.2747252747252746,-0.16243121891667078,-1.762018931475287
13.234289355001238,-1.5566022397559562,-1.5384615384615385,-0.018140701294417694,-1.5928836423447916
13.284661687997868,-1.6663666670047874,-1.4505494505494505,-0.2158172164553369,-2.0980010999154612
13.335176116001094,-1.7663779704793732,-1.5384615384615385,-0.22791643201783462,-2.2222108345150424
13.385348427000281,-1.855339597466099,-1.8021978021978022,-0.053141795268296876,-1.9616231880026929
13.43570115500188,-1.9338715209766888,-1.8021978021978022,-0.13167371877888656,-2.197218958534462
13.486171643002308,-2.001465178031896,-1.8021978021978022,-0.1992673758340937,-2.3999999297000834
13.53655703500408,-2.0575673480685253,-1.8021978021978022,-0.255369545870723,-2.5683064398099713
13.5867431939987,-2.1019236975973543,-1.8021978021978022,-0.2997258953995521,-2.7013754883964585
13.63712253599806,-2.1347053006033843,-2.241758241758242,0.10705294115485753,-1.9205994182936692
13.687557115998061,-2.1556040523193087,-2.32967032967033,0.1740662773510211,-1.8074714976172666
13.737851333004073,-2.1644855741857363,-2.241758241758242,0.0772726675725055,-2.0099402390407253
13.788331003001076,-2.1613555803743254,-2.1538461538461537,-0.007509426528171659,-2.1763744334306687
13.838663456001086,-2.1462335358940963,-2.1538461538461537,0.007612617952057477,-2.1310082999899813
13.888895552998292,-2.11925406118756,-2.1538461538461537,0.03459209265859364,-2.050069875870373
13.93929511999886,-2.080357677041179,-2.1538461538461537,0.07348847680497483,-1.9333807234312292
13.989506584999617,-2.029980784560932,-2.1538461538461537,0.12386536928522185,-1.7822500459904882
14.040029058000073,-1.9677829468123083,-2.1538461538461537,0.1860632070338455,-1.5956565327446173
14.09029572000145,-1.8946909266754406,-2.1538461538461537,0.25915522717071315,-1.3763804723340143
14.140555723999569,-1.810722059885808,-2.065934065934066,0.2552120060482581,-1.3002980477892918
14.19076745500206,-1.7162979684274067,-1.8021978021978022,0.08589983377039556,-1.5444983008866155
14.241151415000786,-1.6113432658073363,-1.7142857142857142,0.10294244847837786,-1.4054583688505806
14.29136040499725,-1.4969994768173875,-1.7142857142857142,0.21728623746832665,-1.0624270018807342
14.341494478998356,-1.373565756494283,-1.7142857142857142,0.34071995779143127,-0.6921258409114204
14.391778643002908,-1.2409599814197265,-1.4505494505494505,0.20958946912972398,-0.8217810431602786
14.44215544200415,-1.0998004620221566,-1.098901098901099,-0.0008993631210576503,-1.101599188264272
14.492450354002358,-0.9511370533814617,-1.098901098901099,0.1477640455196373,-0.6556089623421871
14.542609438998625,-0.7957703478606489,-1.098901098901099,0.30313075104045006,-0.1895088457797488
14.592794659001811,-0.6338401708571627,-0.9230769230769231,0.2892367522197604,-0.055366666417641874
14.643017148999206,-0.4659428833994178,-0.5714285714285714,0.10548568802915359,-0.2549715073411106
14.693207577001886,-0.29297693329216756,-0.4835164835164835,0.19053955022431596,0.08810216715646435
14.743499853000685,-0.11516057976823857,-0.4835164835164835,0.36835590374824495,0.6215512277282513
14.793651070998749,0.06593622477037153,-0.21978021978021978,0.2857164445505913,0.6373691138715541
14.843934422002349,0.2505757802751273,0.21978021978021978,0.030795560494907503,0.3121669012649423
14.894371613998374,0.43812351364150537,0.21978021978021978,0.2183432938612856,0.8748101013640766
14.944546824997815,0.6262804410637446,0.21978021978021978,0.4065002212835248,1.4392808836307942
14.994853666998097,0.8157637520587904,0.5714285714285714,0.24433518063021897,1.3044341133192283
15.045176560000982,1.0053849860014294,1.010989010989011,-0.005604024987581502,0.9941769360262664
15.095385387998249,1.1938988113074882,1.010989010989011,0.18290980031847726,1.5597184119444427
15.145702380003058,1.3813859885743884,1.010989010989011,0.3703969775853775,2.1221799437451434
15.195932112001174,1.566371032432245,1.3626373626373627,0.2037336697948824,1.9738383720220098
15.24611325799924,1.7482692966999243,1.6263736263736264,0.12189567032629789,1.99206063735252
15.296455281997623,1.9271027217740473,1.6263736263736264,0.3007290954004209,2.528560912574889
15.346791085001314,2.101546367899521,1.7142857142857142,0.3872606536138068,2.8760676751271346
15.39708231700206,2.270777312011135,2.241758241758242,0.029019070252893187,2.3288154525169213
15.447447279002517,2.4345115470115055,2.32967032967033,0.10484121734117569,2.644193981693857
15.49779560999741,2.5917906170013585,2.32967032967033,0.26212028733102866,3.116031191663416
15.548080642001878,2.7418559607598976,2.32967032967033,0.41218563108956774,3.566227222939033
15.59842314299749,2.8844686891766407,2.769230769230769,0.11523791994587151,3.1149445290683837
15.648758665003697,3.0188645673957852,3.120879120879121,-0.10201455348333566,2.814835460429114
15.699106498002948,3.144555993130294,2.9450549450549453,0.19950104807534874,3.5435580892809915
15.749255141003232,3.2605642236187125,2.9450549450549453,0.3155092785637672,3.891582780746247
15.799433009000495,3.367002635987785,3.208791208791209,0.158211427196576,3.683425490380937
15.849573969004268,3.4633107544848856,3.4725274725274726,-0.009216718042587058,3.4448773183997115
15.899821671999234,3.5493596811968406,3.3846153846153846,0.16474429658145606,3.8788482743597528
15.950119207998796,3.6246596980195553,3.3846153846153846,0.24004431340417076,4.104748324827897
16.000402202997066,3.6888025726729063,3.5604395604395602,0.12836301223334612,3.9455285971395986
16.050693509001576,3.741563406608042,3.7362637362637363,0.005299670344305785,3.7521627472966537
16.100903243001085,3.7826627496545386,3.7362637362637363,0.046399013390802324,3.8754607764361433
16.151195653001196,3.812070519585137,3.7362637362637363,0.07580678332140067,3.9636840862279383
16.20219484200061,3.829753182803431,3.7362637362637363,0.09348944653969449,4.016732075882819
16.252406737003184,3.835151114728388,3.7362637362637363,0.09888737846465157,4.032925871657691
16.30263458900299,3.82860496682743,3.7362637362637363,0.0923412305636937,4.013287427954817
16.35284959099954,3.8101434414368267,3.7362637362637363,0.0738797051730904,3.9579028517830075
16.40314285000204,3.7797834671358443,3.7362637362637363,0.04351973087210803,3.8668229288800604
16.453392914998403,3.7377069272680767,3.7362637362637363,0.0014431910043404272,3.7405933092767576
16.50368647799769,3.6840091601943166,3.7362637362637363,-0.052254576069419745,3.579500008055477
16.554015751004044,3.618885753968321,3.7362637362637363,-0.11737798229541552,3.3841297893774898
16.604414239001926,3.5425187501035187,3.7362637362637363,-0.19374498616021762,3.1550287777830834
16.65462008600298,3.4556497611191612,3.7362637362637363,-0.2806139751445751,2.894421810830011
16.70491388800292,3.3581742339590432,3.5604395604395602,-0.20226532648051698,2.9536435809980093
16.755197616999794,3.2506467403445947,3.2967032967032965,-0.04605655635870187,3.158533627627191
16.80540776700218,3.133656253824602,3.2967032967032965,-0.16304704287869454,2.807562168067213
16.855663075002667,3.00740087011291,3.2967032967032965,-0.28930242659038674,2.4287960169321363
16.906041415997606,2.872144431287699,3.208791208791209,-0.33664677750351,2.198850876280679
16.956381937001424,2.7288374710517274,2.769230769230769,-0.0403932981790418,2.6480508746936438
17.006582358000742,2.5783848170661208,2.5934065934065935,-0.015021776340472748,2.5483412643851753
17.057098452998616,2.4199868978974615,2.5934065934065935,-0.17341969550913205,2.0731475068791974
17.107473705000302,2.2556723619704315,2.5934065934065935,-0.337734231436162,1.5802038990981075
17.15769163100049,2.08620639402602,2.32967032967033,-0.2434639356443098,1.5992785227374005
17.20816584899876,1.9108581236613733,1.978021978021978,-0.06716385436060479,1.7765304149401637
17.258388369002205,1.732089224401716,1.978021978021978,-0.245932753620262,1.240223717161192
17.308607386003132,1.5497618340007167,1.978021978021978,-0.42826014402126145,0.6932415459581938
17.358896311001445,1.364330090403855,1.5384615384615385,-0.17413144805768366,1.0160671942884876
17.409317313002248,1.1762910918563374,1.1868131868131868,-0.010522094956849415,1.1552469019426386
17.459609409001132,0.9873684050402641,1.1868131868131868,-0.19944478177292269,0.5884788414944188
17.509826931003772,0.798119119630646,1.1868131868131868,-0.38869406718254085,0.020730985265564272
17.56001026499871,0.6091458304116575,0.9230769230769231,-0.31393109266526564,-0.0187163549188738
17.61036621400126,0.4204265815732272,0.3956043956043956,0.024822185968831623,0.47007095351089045
17.661115875998803,0.23191347542830454,0.3956043956043956,-0.16369092017609105,-0.09546836492387756
17.711293091997504,0.04793526853257346,0.3956043956043956,-0.3476691270718221,-0.6474029856110708
17.761639506999927,-0.1335177678583851,0.04395604395604396,-0.17747381181442906,-0.4884653914872432
17.811832526000217,-0.3105602839361602,-0.3076923076923077,-0.002867976243852488,-0.3162962364238652
17.86231156300346,-0.48401468693115157,-0.3076923076923077,-0.17632237923884386,-0.8366594454088393
17.91286707799736,-0.6524130689309934,-0.3076923076923077,-0.34472076123868567,-1.3418545914083646
17.963070311001502,-0.8137001997576777,-0.6593406593406593,-0.15435954041701838,-1.1224192805917146
18.013370551998378,-0.9687192504975531,-0.9230769230769231,-0.04564232742063001,-1.0600039053388133
18.06385872700048,-1.1170714802815538,-0.9230769230769231,-0.19399455720463066,-1.505060594690815
18.11409581099724,-1.2568896488577646,-0.9230769230769231,-0.3338127257808414,-1.9245151004194474
18.164355068998702,-1.3884290927407443,-1.2747252747252746,-0.1137038180154697,-1.6158367287716837
18.214586581998446,-1.5110366344963087,-1.5384615384615385,0.027424903965229896,-1.4561868265658489
18.2648534750042,-1.624375247496252,-1.4505494505494505,-0.17382579694680156,-1.9720268413898552
18.314990368002327,-1.7276485842545388,-1.4505494505494505,-0.2770991337050883,-2.2818468516647155
18.365281869999308,-1.8210232133264257,-1.7142857142857142,-0.1067374990407115,-2.0344982114078487
18.415648802998476,-1.9039085437952137,-1.89010989010989,-0.013798653685323625,-1.931505851165861
18.46586876400397,-1.9756312075876568,-1.89010989010989,-0.0855213174777667,-2.14667384254319
18.515993196997442,-2.036058800167596,-1.89010989010989,-0.14594891005770583,-2.3279566202830075
18.56616152600327,-2.0851364283836875,-1.978021978021978,-0.10711445036170941,-2.2993653291071063
18.61651490499935,-2.122727809185485,-1.978021978021978,-0.144705831163507,-2.412139471512499
18.66688820499985,-2.148488035386712,-1.978021978021978,-0.17046605736473408,-2.4894201501161803
18.717038260001573,-2.162261990850982,-1.978021978021978,-0.18424001282900404,-2.53074201650899
18.76714054799959,-2.164139270018904,-1.978021978021978,-0.18611729199692606,-2.5363738540127563
18.81747215500218,-2.154058113404625,-2.1538461538461537,-0.0002119595584710865,-2.154482032521567
18.8676720930016,-2.1320960866427607,-2.1538461538461537,0.02175006720339301,-2.0885959522359747
18.918121823997353,-2.0981324967435433,-2.1538461538461537,0.05571365710261045,-1.9867051825383224
18.968218656998943,-2.0527439572051622,-2.1538461538461537,0.10110219664099152,-1.8505395639231792
19.018410677999782,-1.995795251582193,-2.1538461538461537,0.15805090226396068,-1.6796934470542717
19.068533320001734,-1.9276900208727468,-2.1538461538461537,0.22615613297340698,-1.4753777549259328
19.1189452289982,-1.8481400291218812,-2.1538461538461537,0.3057061247242725,-1.2367277796733362
19.169256396999117,-1.758016100290544,-1.978021978021978,0.2200058777314342,-1.3180043448276755
19.219584755999676,-1.6574942746102255,-1.7142857142857142,0.05679143967548872,-1.543911395259248
19.269879767998646,-1.5470818864884635,-1.6263736263736264,0.07929173988516292,-1.3884984067181376
19.32016289600142,-1.4271860480558565,-1.6263736263736264,0.1991875783177699,-1.0288108914203167
19.370532738001202,-1.298030533633014,-1.6263736263736264,0.32834309274061235,-0.6413443481517893
19.420683417003602,-1.1609481718146797,-1.5384615384615385,0.37751336664685886,-0.40592143852096196
19.47100727900397,-1.01542670574158,-0.9230769230769231,-0.09234978266465688,-1.2001262710708938
19.521140197000932,-0.8631003599267434,-0.9230769230769231,0.05997656315017974,-0.7431472336263839
19.571305327001028,-0.7039318315448645,-1.098901098901099,0.3949692673562345,0.0860067031676045
19.62150060100248,-0.5385479927731044,-0.9230769230769231,0.38452893030381874,0.2305098678345331
19.671759860997554,-0.36747933559708146,-0.21978021978021978,-0.14769911581686168,-0.6628775672308048
19.721987548997276,-0.19172689362913553,-0.3076923076923077,0.11596541406317218,0.040203934497208826
19.772149795004225,-0.012121466951950821,-0.3956043956043956,0.38348292865244477,0.7548443903529387
19.82311037400359,0.17378480266117835,-0.21978021978021978,0.3935650224413981,0.9609148475439746
19.873343200000818,0.3596933712876112,0.3956043956043956,-0.03591102431678439,0.2878713226540424
19.92351894699823,0.5472817286067029,0.4835164835164835,0.06376524509021936,0.6748122187871416
19.97383440699923,0.7365406467587354,0.3956043956043956,0.34093625115433984,1.418413149067415
