time_s,kp,desired_deg,actual_deg,error_deg,correction_deg,commanded_deg
0.0007059909985400736,1.0,0.925738446089202,0.7472527472527473,0.1784856988364547,0.1784856988364547,1.1042241449256567
0.05107888700149488,1.0,1.1155075895673858,0.7472527472527473,0.36825484231463856,0.36825484231463856,1.4837624318820244
0.1012599460009369,1.0,1.3037885807811886,0.7472527472527473,0.5565358335284414,0.5565358335284414,1.86032441430963
0.1515385230013635,1.0,1.4909171721064802,1.098901098901099,0.39201607320538123,0.39201607320538123,1.8829332453118615
0.2028442439986975,1.0,1.6795274757482104,1.3626373626373627,0.3168901131108477,0.3168901131108477,1.996417588859058
0.2530566670029657,1.0,1.8610804098939218,1.5384615384615385,0.3226188714323832,0.3226188714323832,2.183699281326305
0.30333597600110807,1.0,2.039134021800582,1.6263736263736264,0.41276039542695564,0.41276039542695564,2.4518944172275376
0.35362711600464536,1.0,2.2127740058907,1.6263736263736264,0.5864003795170736,0.5864003795170736,2.7991743854077735
0.4039137799991295,1.0,2.381249970962065,2.1538461538461537,0.22740381711591118,0.22740381711591118,2.608653788077976
0.4541194000048563,1.0,2.543647931904813,2.32967032967033,0.21397760223448303,0.21397760223448303,2.757625534139296
0.5043217600032222,1.0,2.699587642420026,2.32967032967033,0.36991731274969597,0.36991731274969597,3.0695049551697218
0.5545708700010437,1.0,2.848594583937995,2.32967032967033,0.5189242542676653,0.5189242542676653,3.3675188382056604
0.6049114569977974,1.0,2.9901764467679213,2.681318681318681,0.30885776544924015,0.30885776544924015,3.2990342122171614
0.6550974889978534,1.0,3.1230928450092277,2.857142857142857,0.2659499878663705,0.2659499878663705,3.389042832875598
0.7053493359999266,1.0,3.2474189529653135,3.032967032967033,0.21445191999828062,0.21445191999828062,3.461870872963594
0.7555424669990316,1.0,3.3623504823715304,3.032967032967033,0.3293834494044976,0.3293834494044976,3.691733931776028
0.8060478120023618,1.0,3.468204129332414,3.032967032967033,0.4352370963653813,0.4352370963653813,3.9034412256977955
0.856212876002246,1.0,3.5632003569433772,3.032967032967033,0.5302333239763444,0.5302333239763444,4.093433680919722
0.9066171619997476,1.0,3.6480856500088406,3.4725274725274726,0.17555817748136793,0.17555817748136793,3.8236438274902085
0.9568625690008048,1.0,3.7218263949903463,3.5604395604395602,0.16138683455078606,0.16138683455078606,3.8832132295411323
1.0072578100007377,1.0,3.7845827953740834,3.5604395604395602,0.22414323493452315,0.22414323493452315,4.0087260303086065
1.0577990780002438,1.0,3.83599867718008,3.5604395604395602,0.2755591167405198,0.2755591167405198,4.1115577939206
1.1079679039976327,1.0,3.875419477340757,3.5604395604395602,0.31497991690119687,0.31497991690119687,4.190399394241954
1.1581755349980085,1.0,3.9031267868196586,3.5604395604395602,0.3426872263800984,0.3426872263800984,4.245814013199757
1.2084031949998462,1.0,3.9189792996356587,3.5604395604395602,0.3585397391960985,0.3585397391960985,4.277519038831757
1.2587739180016797,1.0,3.9228945781311193,3.5604395604395602,0.3624550176915591,0.3624550176915591,4.285349595822678
1.3089112020024913,1.0,3.914860015496207,3.912087912087912,0.0027721034082950347,0.0027721034082950347,3.917632118904502
1.3591103209982975,1.0,3.8949214931822578,3.912087912087912,-0.01716641890565418,-0.01716641890565418,3.8777550742766036
1.4092940839982475,1.0,3.863172399885916,3.912087912087912,-0.04891551220199597,-0.04891551220199597,3.81425688768392
1.4595120529993437,1.0,3.8197011174473836,3.912087912087912,-0.09238679464052835,-0.09238679464052835,3.7273143228068553
1.5098073830013163,1.0,3.7646048077000716,3.912087912087912,-0.1474831043878404,-0.1474831043878404,3.617121703312231
1.5600003409999772,1.0,3.6983080553589653,3.912087912087912,-0.21377985672894662,-0.21377985672894662,3.4845281986300187
1.6104931869995198,1.0,3.6204794428877047,3.912087912087912,-0.2916084692002072,-0.2916084692002072,3.3288709736874975
1.6606816600033198,1.0,3.532361019903992,3.912087912087912,-0.37972689218391986,-0.37972689218391986,3.1526341277200722
1.7111719680033275,1.0,3.433244231377702,3.912087912087912,-0.4788436807102099,-0.4788436807102099,2.954400550667492
1.7613713149985415,1.0,3.324683297985179,3.6483516483516483,-0.32366835036646924,-0.32366835036646924,3.00101494761871
1.8117341379984282,1.0,3.2061688701258255,3.3846153846153846,-0.17844651448955906,-0.17844651448955906,3.0277223556362665
1.861942795003415,1.0,3.078917131825828,3.3846153846153846,-0.3056982527895564,-0.3056982527895564,2.7732188790362717
1.9121446560020559,1.0,2.9431050834188914,3.3846153846153846,-0.44151030119649315,-0.44151030119649315,2.5015947822223983
1.9624855820002267,1.0,2.7988473117420836,3.2967032967032965,-0.49785598496121297,-0.49785598496121297,2.3009913267808706
2.0126537270043627,1.0,2.647618498864486,2.769230769230769,-0.12161227036628297,-0.12161227036628297,2.526006228498203
2.063016512998729,1.0,2.488912019294766,2.769230769230769,-0.28031874993600336,-0.28031874993600336,2.2085932693587624
2.1134087140017073,1.0,2.323837872517611,2.769230769230769,-0.44539289671315796,-0.44539289671315796,1.8784449758044532
2.163601241998549,1.0,2.1538350502391803,2.4175824175824174,-0.2637473673432371,-0.2637473673432371,1.8900876828959432
2.213939950001077,1.0,1.9784216785348603,2.241758241758242,-0.2633365632233815,-0.2633365632233815,1.7150851153114788
2.264172964998579,1.0,1.7991678347352005,2.241758241758242,-0.4425904070230413,-0.4425904070230413,1.3565774277121592
2.3144442690027063,1.0,1.616283730763755,2.1538461538461537,-0.5375624230823988,-0.5375624230823988,1.0787213076813562
2.3648324870009674,1.0,1.4301996895479885,1.6263736263736264,-0.19617393682563788,-0.19617393682563788,1.2340257527223506
2.4152507550024893,1.0,1.241970433551352,1.6263736263736264,-0.3844031928222744,-0.3844031928222744,0.8575672407290775
2.4654481370016583,1.0,1.053293454305108,1.5384615384615385,-0.48516808415643053,-0.48516808415643053,0.5681253701486775
2.515655016999517,1.0,0.8640627061277114,1.1868131868131868,-0.3227504806854754,-0.3227504806854754,0.541312225442236
2.5658364900009474,1.0,0.6751622451436355,0.9230769230769231,-0.24791467793328759,-0.24791467793328759,0.42724756721034796
2.616223221004475,1.0,0.48648172212435786,0.9230769230769231,-0.43659520095256527,-0.43659520095256527,0.0498865211717926
2.6663589290037635,1.0,0.30047668896938007,0.9230769230769231,-0.6226002341075431,-0.6226002341075431,-0.322123545138163
2.716825939998671,1.0,0.11573914997955048,0.3956043956043956,-0.2798652456248451,-0.2798652456248451,-0.16412609564529462
2.7676219400018454,1.0,-0.06692328395428548,0.13186813186813187,-0.19879141582241736,-0.19879141582241736,-0.2657146997767028
2.8177455219993135,1.0,-0.24321815822017956,0.04395604395604396,-0.2871742021762235,-0.2871742021762235,-0.5303923603964031
2.8680810420046328,1.0,-0.41560250233555185,-0.04395604395604396,-0.3716464583795079,-0.3716464583795079,-0.7872489607150597
2.9184657389996573,1.0,-0.5827929198300614,-0.04395604395604396,-0.5388368758740175,-0.5388368758740175,-1.121629795704079
2.9687316690033185,1.0,-0.7435763158099105,-0.3956043956043956,-0.3479719202055149,-0.3479719202055149,-1.0915482360154254
3.0191456850006944,1.0,-0.8981557212391273,-0.7472527472527473,-0.15090297398638008,-0.15090297398638008,-1.0490586952255074
3.0693451640036074,1.0,-1.0448176770504836,-0.5714285714285714,-0.47338910562191217,-0.47338910562191217,-1.5182067826723957
3.1196476980039733,1.0,-1.1839277556319823,-0.7472527472527473,-0.436675008379235,-0.436675008379235,-1.6206027640112173
3.16984812499868,1.0,-1.3143651438402786,-1.1868131868131868,-0.12755195702709177,-0.12755195702709177,-1.4419171008673703
3.22003649600083,1.0,-1.4358733801060792,-1.1868131868131868,-0.24906019329289242,-0.24906019329289242,-1.6849335733989717
3.270281368000724,1.0,-1.5481224359008803,-1.1868131868131868,-0.36130924908769346,-0.36130924908769346,-1.9094316849885737
3.320407990999229,1.0,-1.6502939615736227,-1.1868131868131868,-0.4634807747604359,-0.4634807747604359,-2.113774736334059
3.370639161003055,1.0,-1.7424389583521853,-1.5384615384615385,-0.20397741989064677,-0.20397741989064677,-1.946416378242832
3.4209480409990647,1.0,-1.824084645779512,-1.6263736263736264,-0.19771101940588554,-0.19771101940588554,-2.0217956651853974
3.4711780500001623,1.0,-1.894652172238861,-1.6263736263736264,-0.2682785458652346,-0.2682785458652346,-2.1629307181040955
3.521370604998083,1.0,-1.9539568894429273,-1.7142857142857142,-0.23967117515721315,-0.23967117515721315,-2.1936280646001407
3.571651522004686,1.0,-2.0018937283832354,-1.89010989010989,-0.11178383827334537,-0.11178383827334537,-2.113677566656581
3.62174838300416,1.0,-2.0380457463254205,-1.89010989010989,-0.1479358562155304,-0.1479358562155304,-2.185981602540951
3.672004549000121,1.0,-2.0625250877941728,-1.89010989010989,-0.1724151976842827,-0.1724151976842827,-2.2349402854784555
3.72221522199834,1.0,-2.0750946368588847,-1.89010989010989,-0.18498474674899468,-0.18498474674899468,-2.2600793836078794
3.772419130000344,1.0,-2.0757326033132735,-1.89010989010989,-0.18562271320338342,-0.18562271320338342,-2.261355316516657
3.8225599190045614,1.0,-2.064460620612703,-1.89010989010989,-0.1743507305028129,-0.1743507305028129,-2.238811351115516
3.8727335590010625,1.0,-2.0413126993237993,-1.89010989010989,-0.15120280921390927,-0.15120280921390927,-2.1925155085377086
3.9229711439984385,1.0,-2.00633233746348,-1.89010989010989,-0.11622244735358978,-0.11622244735358978,-2.1225547848170696
3.9731122299999697,1.0,-1.9597815290169913,-1.89010989010989,-0.06967163890710126,-0.06967163890710126,-2.0294531679240926
4.023329732997809,1.0,-1.9016921154938877,-1.89010989010989,-0.011582225383997669,-0.011582225383997669,-1.9132743408778854
4.07353196600161,1.0,-1.8323802262495914,-1.89010989010989,0.05772966386029865,0.05772966386029865,-1.7746505623892928
4.123744460004673,1.0,-1.7520881831475783,-1.89010989010989,0.13802170696231175,0.13802170696231175,-1.6140664761852666
4.173876779997954,1.0,-1.6613020901201871,-1.89010989010989,0.2288077999897029,0.2288077999897029,-1.4324942901304842
4.224100569997972,1.0,-1.5600691106146847,-1.89010989010989,0.3300407794952054,0.3300407794952054,-1.2300283311194793
4.274551911999879,1.0,-1.4484230926450323,-1.89010989010989,0.4416867974648577,0.4416867974648577,-1.0067362951801746
4.32488324699807,1.0,-1.3275473369845134,-1.8021978021978022,0.4746504652132888,0.4746504652132888,-0.8528968717712246
4.375287192000542,1.0,-1.1974777060890818,-1.4505494505494505,0.25307174446036873,0.25307174446036873,-0.944405961628713
4.425776379997842,1.0,-1.058662241222358,-1.2747252747252746,0.21606303350291656,0.21606303350291656,-0.8425992077194415
4.475936891998572,1.0,-0.9128521369822546,-1.2747252747252746,0.36187313774302,0.36187313774302,-0.5509789992392347
4.52643687499949,1.0,-0.7586902586457029,-1.2747252747252746,0.5160350160795717,0.5160350160795717,-0.24265524256613125
4.5772565660008695,1.0,-0.5967188157158723,-1.098901098901099,0.5021822831852267,0.5021822831852267,-0.09453653253064553
4.627347870999074,1.0,-0.4310021246291509,-0.6593406593406593,0.22833853471150845,0.22833853471150845,-0.20266358991764244
4.677436687998124,1.0,-0.2599305931698286,-0.5714285714285714,0.3114979782587428,0.3114979782587428,0.05156738508891423
4.727589310001349,1.0,-0.08394709614951323,-0.4835164835164835,0.3995693873669703,0.3995693873669703,0.31562229121745705
4.777914302998397,1.0,0.09665961761066655,-0.4835164835164835,0.58017610112715,0.58017610112715,0.6768357187378166
4.828241916002298,1.0,0.2805799930253867,-0.13186813186813187,0.41244812489351856,0.41244812489351856,0.6930281179189053
4.878530583999236,1.0,0.46692422376469433,0.21978021978021978,0.24714400398447456,0.24714400398447456,0.7140682277491689
4.928891577001195,1.0,0.6553610904929232,0.3076923076923077,0.34766878280061553,0.34766878280061553,1.0030298732935388
4.979290759001742,1.0,0.8450137358788825,0.3956043956043956,0.4494093402744869,0.4494093402744869,1.2944230761533695
5.029446847001964,1.0,1.0340635879532858,0.5714285714285714,0.4626350165247144,0.4626350165247144,1.4966986044780002
5.079960551003751,1.0,1.2240140989292785,0.9230769230769231,0.30093717585235535,0.30093717585235535,1.5249512747816338
5.130359282004065,1.0,1.412324796760942,1.010989010989011,0.4013357857719311,0.4013357857719311,1.813660582532873
5.180685887004074,1.0,1.5984088220800596,1.010989010989011,0.5874198110910487,0.5874198110910487,2.1858286331711083
5.230943145004858,1.0,1.7815422032480046,1.4505494505494505,0.3309927526985541,0.3309927526985541,2.1125349559465585
5.281471506001253,1.0,1.9622114982085626,1.6263736263736264,0.3358378718349362,0.3358378718349362,2.2980493700434987
5.33177380500274,1.0,2.137913519986169,1.6263736263736264,0.5115398936125426,0.5115398936125426,2.6494534135987116
5.382109746999049,1.0,2.308875496709597,1.978021978021978,0.3308535186876189,0.3308535186876189,2.639729015397216
5.432674066003528,1.0,2.4750315135120857,2.241758241758242,0.23327327175384394,0.23327327175384394,2.7083047852659297
5.4828855140003725,1.0,2.6338310588885117,2.241758241758242,0.39207281713026987,0.39207281713026987,3.0259038760187815
5.533061457004806,1.0,2.785716908867859,2.241758241758242,0.5439586671096173,0.5439586671096173,3.3296755759774763
5.5835674019981525,1.0,2.9311244197344415,2.5934065934065935,0.33771782632784797,0.33771782632784797,3.2688422460622895
5.633876977000909,1.0,3.0679284135451885,2.857142857142857,0.21078555640233132,0.21078555640233132,3.27871396994752
5.684207869999227,1.0,3.19621499730086,2.857142857142857,0.3390721401580028,0.3390721401580028,3.535287137458863
5.734692855003232,1.0,3.315761925676763,2.857142857142857,0.45861906853390577,0.45861906853390577,3.7743809942106687
5.785115751001285,1.0,3.4255529197018584,3.208791208791209,0.21676171091064944,0.21676171091064944,3.642314630612508
5.835574903998349,1.0,3.5253680826723777,3.208791208791209,0.31657687388116873,0.31657687388116873,3.8419449565535464
5.885722304999945,1.0,3.614204567228878,3.4725274725274726,0.14167709470140544,0.14167709470140544,3.7558816619302835
5.936122940998757,1.0,3.692724712768805,3.4725274725274726,0.22019724024133236,0.22019724024133236,3.9129219530101373
5.9864050800024415,1.0,3.759993262869078,3.4725274725274726,0.2874657903416056,0.2874657903416056,4.047459053210684
6.036781861999771,1.0,3.816033612393527,3.4725274725274726,0.3435061398660544,0.3435061398660544,4.159539752259581
6.08748453300359,1.0,3.860733530021813,3.5604395604395602,0.30029396958225263,0.30029396958225263,4.1610274996040655
6.137789751002856,1.0,3.893301610765164,3.7362637362637363,0.1570378745014276,0.1570378745014276,4.0503394852665915
6.188267787998484,1.0,3.914054631466847,3.7362637362637363,0.17779089520311064,0.17779089520311064,4.091845526669958
6.238626261998434,1.0,3.922770508068364,3.7362637362637363,0.18650677180462782,0.18650677180462782,4.109277279872992
6.288839346998429,1.0,3.9195044528939587,3.7362637362637363,0.18324071663022234,0.18324071663022234,4.102745169524181
6.339422769000521,1.0,3.904155658278146,3.7362637362637363,0.16789192201440972,0.16789192201440972,4.072047580292556
6.3896607760034385,1.0,3.8769934855394155,3.7362637362637363,0.14072974927567916,0.14072974927567916,4.017723234815095
6.44011953700101,1.0,3.8378655121099303,3.7362637362637363,0.10160177584619401,0.10160177584619401,3.9394672879561243
6.49051566900016,1.0,3.787092499257813,3.7362637362637363,0.050828762994076904,0.050828762994076904,3.83792126225189
6.540785561002849,1.0,3.7250068727983443,3.7362637362637363,-0.011256863465392009,-0.011256863465392009,3.7137500093329523
6.591296655999031,1.0,3.6513656284755633,3.7362637362637363,-0.08489810778817297,-0.08489810778817297,3.5664675206873904
6.641593116000877,1.0,3.5671182966079167,3.7362637362637363,-0.16914543965581963,-0.16914543965581963,3.397972856952097
6.692026317999989,1.0,3.4720402667594668,3.7362637362637363,-0.26422346950426956,-0.26422346950426956,3.207816797255197
6.742305667001347,1.0,3.367064048449252,3.7362637362637363,-0.36919968781448453,-0.36919968781448453,2.9978643606347672
6.792687501998444,1.0,3.2520909763451424,3.5604395604395602,-0.3083485840944178,-0.3083485840944178,2.9437423922507246
6.843044061002729,1.0,3.127850095290376,3.3846153846153846,-0.2567652893250085,-0.2567652893250085,2.8710848059653675
6.8932027550035855,1.0,2.9953229255271276,3.208791208791209,-0.2134682832640813,-0.2134682832640813,2.7818546422630464
6.943641894002212,1.0,2.8537564721560473,3.208791208791209,-0.3550347366351616,-0.3550347366351616,2.4987217355208857
6.994241833002889,1.0,2.703948324905043,3.208791208791209,-0.504842883886166,-0.504842883886166,2.199105441018877
7.044669561000774,1.0,2.5474881257332402,2.769230769230769,-0.22174264349752892,-0.22174264349752892,2.3257454822357113
7.094878071002313,1.0,2.385228688215891,2.681318681318681,-0.29608999310279005,-0.29608999310279005,2.089138695113101
7.1452848609988,1.0,2.216476174950939,2.5934065934065935,-0.37693041845565434,-0.37693041845565434,1.8395457564952848
7.195822389003297,1.0,2.0420785524357514,2.5934065934065935,-0.5513280409708421,-0.5513280409708421,1.4907505114649093
7.2461962520028464,1.0,1.8637552165154452,2.241758241758242,-0.3780030252427966,-0.3780030252427966,1.4857521912726486
7.296837718000461,1.0,1.6806876491761238,1.89010989010989,-0.20942224093376627,-0.20942224093376627,1.4712654082423575
7.347293853999872,1.0,1.4952388229434166,1.89010989010989,-0.39487106716647347,-0.39487106716647347,1.1003677557769431
7.3976624670031015,1.0,1.3078177932775423,1.89010989010989,-0.5822920968323477,-0.5822920968323477,0.7255256964451946
7.4480709440031205,1.0,1.1187059405030888,1.4505494505494505,-0.3318435100463617,-0.3318435100463617,0.7868624304567271
7.498330221998913,1.0,0.9293718332192401,1.1868131868131868,-0.2574413535939467,-0.2574413535939467,0.6719304796252934
7.548919913999271,1.0,0.7387693302212798,1.1868131868131868,-0.44804385659190704,-0.44804385659190704,0.29072547362937273
7.599377694001305,1.0,0.549404876248421,1.098901098901099,-0.549496222652678,-0.549496222652678,-9.134640425689788e-05
7.649736643004871,1.0,0.36190825677467275,0.5714285714285714,-0.20952031465389864,-0.20952031465389864,0.1523879421207741
7.700195741002972,1.0,0.17629254127170668,0.5714285714285714,-0.3951360301568647,-0.3951360301568647,-0.21884348888515803
7.750619058002485,1.0,-0.006193349003091098,0.4835164835164835,-0.4897098325195746,-0.4897098325195746,-0.4959031815226657
7.800874113003374,1.0,-0.1843599869535686,0.04395604395604396,-0.22831603090961256,-0.22831603090961256,-0.41267601786318114
7.851475422001386,1.0,-0.35929159125597976,-0.13186813186813187,-0.2274234593878479,-0.2274234593878479,-0.5867150506438277
7.901908648003882,1.0,-0.5284853425151139,-0.13186813186813187,-0.3966172106469821,-0.3966172106469821,-0.925102553162096
7.952166171999124,1.0,-0.6912925127202056,-0.13186813186813187,-0.5594243808520738,-0.5594243808520738,-1.2507168935722794
8.002556792998803,1.0,-0.8480677384946691,-0.5714285714285714,-0.2766391670660977,-0.2766391670660977,-1.1247069055607668
8.05295862800267,1.0,-0.9977759332569782,-0.7472527472527473,-0.25052318600423096,-0.25052318600423096,-1.2482991192612092
8.103445610999188,1.0,-1.140014159905894,-0.7472527472527473,-0.3927614126531467,-0.3927614126531467,-1.5327755725590406
8.153750202000083,1.0,-1.2734827169234706,-0.8351648351648352,-0.4383178817586354,-0.4383178817586354,-1.7118005986821059
8.204300495999632,1.0,-1.3987632295657393,-1.1868131868131868,-0.21195004275255247,-0.21195004275255247,-1.6107132723182918
8.25488490099815,1.0,-1.5147527077383456,-1.2747252747252746,-0.24002743301307095,-0.24002743301307095,-1.7547801407514165
8.305176451998705,1.0,-1.6203097231355634,-1.2747252747252746,-0.3455844484102888,-0.3455844484102888,-1.9658941715458522
8.355896442000812,1.0,-1.7164797835782684,-1.4505494505494505,-0.26593033302881786,-0.26593033302881786,-1.9824101166070862
8.406583248004608,1.0,-1.801878328158738,-1.6263736263736264,-0.17550470178511168,-0.17550470178511168,-1.9773830299438497
8.457059831998777,1.0,-1.875940250886768,-1.6263736263736264,-0.2495666245131416,-0.2495666245131416,-2.1255068753999096
8.507452652003849,1.0,-1.9386494671144618,-1.6263736263736264,-0.3122758407408355,-0.3122758407408355,-2.2509253078552973
8.557972788999905,1.0,-1.9900013981643505,-1.7142857142857142,-0.2757156838786363,-0.2757156838786363,-2.265717082042987
8.608375392999733,1.0,-2.029537975476863,-1.978021978021978,-0.05151599745488511,-0.05151599745488511,-2.0810539729317483
8.658934930004762,1.0,-2.0573011956543095,-1.978021978021978,-0.07927921763233137,-0.07927921763233137,-2.136580413286641
8.709579554000811,1.0,-2.0730538890874417,-1.978021978021978,-0.0950319110654636,-0.0950319110654636,-2.1680858001529053
8.760060252003314,1.0,-2.076683346626713,-1.978021978021978,-0.09866136860473507,-0.09866136860473507,-2.1753447152314482
8.81070539799839,1.0,-2.068198286789361,-1.978021978021978,-0.0901763087673828,-0.0901763087673828,-2.1583745955567437
8.861093477004033,1.0,-2.0477365345093936,-1.978021978021978,-0.06971455648741554,-0.06971455648741554,-2.117451090996809
8.91147691700462,1.0,-2.015371217579866,-1.978021978021978,-0.03734923955788805,-0.03734923955788805,-2.052720457137754
8.962107864004793,1.0,-1.970985069199169,-1.978021978021978,0.0070369088228090515,0.0070369088228090515,-1.96394816037636
9.012836848000006,1.0,-1.9147675606074726,-1.978021978021978,0.06325441741450555,0.06325441741450555,-1.851513143192967
9.06338190400129,1.0,-1.8472876651657433,-1.978021978021978,0.13073431285623482,0.13073431285623482,-1.7165533523095085
9.113857493997784,1.0,-1.7687504386963553,-1.978021978021978,0.2092715393256228,0.2092715393256228,-1.5594788993707325
9.16434910800308,1.0,-1.6793567592637084,-1.978021978021978,0.2986652187582697,0.2986652187582697,-1.3806915405054387
9.214834504004102,1.0,-1.579502498378697,-1.978021978021978,0.39851947964328116,0.39851947964328116,-1.1809830187354158
9.265211742000247,1.0,-1.4698250231952936,-1.978021978021978,0.5081969548266845,0.5081969548266845,-0.9616280683686091
9.315640715998597,1.0,-1.3504336187093064,-1.7142857142857142,0.36385209557640774,0.36385209557640774,-0.9865815231328987
9.365952703003131,1.0,-1.2222234524651199,-1.4505494505494505,0.22832599808433063,0.22832599808433063,-0.9938974543807892
9.416336588998092,1.0,-1.0852394655802293,-1.4505494505494505,0.3653099849692212,0.3653099849692212,-0.7199294806110081
9.466818396002054,1.0,-0.9399181064358084,-1.4505494505494505,0.5106313441136421,0.5106313441136421,-0.42928676232216634
9.517456200999732,1.0,-0.7866188081530536,-1.1868131868131868,0.4001943786601332,0.4001943786601332,-0.38642442949292044
9.567954379999719,1.0,-0.6268496508375458,-0.8351648351648352,0.20831518432728935,0.20831518432728935,-0.4185344665102565
9.618506390004768,1.0,-0.46066112561760497,-0.8351648351648352,0.3745037095472302,0.3745037095472302,-0.08615741607037475
9.66893133600388,1.0,-0.2893285876985905,-0.8351648351648352,0.5458362474662447,0.5458362474662447,0.2565076597676542
9.719341771000472,1.0,-0.11318092756895459,-0.4835164835164835,0.3703355559475289,0.3703355559475289,0.25715462837857433
9.769791270002315,1.0,0.06726491047373162,-0.21978021978021978,0.2870451302539514,0.2870451302539514,0.354310040727683
9.82040386400331,1.0,0.25174847459855487,-0.13186813186813187,0.3836166064666867,0.3836166064666867,0.6353650810652416
9.871041596001305,1.0,0.43904028812768536,-0.13186813186813187,0.5709084199958172,0.5709084199958172,1.0099487081235026
9.921384913999646,1.0,0.6271868738809703,0.21978021978021978,0.4074066541007505,0.4074066541007505,1.0345935279817207
9.971934680004779,1.0,0.8172950915551762,0.5714285714285714,0.24586652012660482,0.24586652012660482,1.063161611681781
10.022494680997625,1.0,1.0078685792339988,0.5714285714285714,0.43644000780542735,0.43644000780542735,1.444308587039426
10.072947722001118,1.0,1.1976983635690643,0.6593406593406593,0.538357704228405,0.538357704228405,1.7360560677974695
10.123484772004304,1.0,1.386737523478167,1.098901098901099,0.28783642457706793,0.28783642457706793,1.6745739480552349
10.173917692998657,1.0,1.573524106407226,1.1868131868131868,0.38671091959403925,0.38671091959403925,1.9602350260012653
10.224460085002647,1.0,1.7580954366013533,1.3626373626373627,0.3954580739639906,0.3954580739639906,2.153553510565344
10.274838498000463,1.0,1.9387178093313209,1.4505494505494505,0.48816835878187037,0.48816835878187037,2.4268861681131915
10.325053205000586,1.0,2.114704673821797,1.7142857142857142,0.400418959536083,0.400418959536083,2.51512363335788
10.375603402004344,1.0,2.287074867227453,2.1538461538461537,0.13322871338129927,0.13322871338129927,2.4203035806087523
10.426171127997804,1.0,2.4539997330224317,2.065934065934066,0.38806566708836554,0.38806566708836554,2.8420654001107972
10.476822821001406,1.0,2.615006220720182,2.065934065934066,0.5490721547861157,0.5490721547861157,3.1640783755062976
10.527203354999074,1.0,2.7683544127132143,2.241758241758242,0.5265961709549725,0.5265961709549725,3.2949505836681867
10.577663105003012,1.0,2.914532262621707,2.769230769230769,0.14530149339093779,0.14530149339093779,3.0598337560126447
10.628035435001948,1.0,3.0524734639050166,2.769230769230769,0.28324269467424745,0.28324269467424745,3.335716158579264
10.678427742001077,1.0,3.181934888322389,2.769230769230769,0.41270411909161986,0.41270411909161986,3.594639007414009
10.729061942001863,1.0,3.3028965826946672,2.769230769230769,0.5336658134638981,0.5336658134638981,3.8365623961585653
10.77973334499984,1.0,3.4143046728421726,3.208791208791209,0.2055134640509637,0.2055134640509637,3.6198181368931364
10.830089353003132,1.0,3.5150168052457165,3.3846153846153846,0.1304014206303319,0.1304014206303319,3.6454182258760484
10.88040245600132,1.0,3.605281150068416,3.3846153846153846,0.22066576545303151,0.22066576545303151,3.8259469155214476
10.93124787999841,1.0,3.6856102471032273,3.3846153846153846,0.3009948624878427,0.3009948624878427,3.98660510959107
10.981467243000225,1.0,3.7538846710453804,3.3846153846153846,0.3692692864299958,0.3692692864299958,4.123153957475376
11.032029324000177,1.0,3.811238734927537,3.3846153846153846,0.42662335031215237,0.42662335031215237,4.237862085239689
11.082418693004001,1.0,3.8568008841944916,3.7362637362637363,0.12053714793075532,0.12053714793075532,3.977338032125247
11.13326333900477,1.0,3.890855363206004,3.7362637362637363,0.1545916269422678,0.1545916269422678,4.045446990148272
11.183841645004577,1.0,3.9127152419354463,3.7362637362637363,0.17645150567170997,0.17645150567170997,4.089166747607156
11.234536579999258,1.0,3.9225105424041073,3.7362637362637363,0.18624680614037104,0.18624680614037104,4.108757348544478
11.284958643998834,1.0,3.920182578065206,3.7362637362637363,0.18391884180146967,0.18391884180146967,4.104101419866676
11.33540997000091,1.0,3.905814125501233,3.7362637362637363,0.16955038923749655,0.16955038923749655,4.075364514738729
11.385909178003203,1.0,3.879430098712139,3.7362637362637363,0.14316636244840275,0.14316636244840275,4.022596461160542
11.43685521500447,1.0,3.8407531814611326,3.7362637362637363,0.10448944519739634,0.10448944519739634,3.945242626658529
11.4872271130007,1.0,3.790758295724289,3.7362637362637363,0.054494559460552594,0.054494559460552594,3.8452528551848415
11.53773585199815,1.0,3.729094603308818,3.7362637362637363,-0.007169132954918389,-0.007169132954918389,3.7219254703538995
11.588375430997985,1.0,3.6559269791139464,3.7362637362637363,-0.08033675714978994,-0.08033675714978994,3.5755902219641564
11.639075400002184,1.0,3.5715895292071727,3.7362637362637363,-0.16467420705656366,-0.16467420705656366,3.406915322150609
11.689396175999718,1.0,3.4772551214136325,3.7362637362637363,-0.25900861485010385,-0.25900861485010385,3.2182465065635286
11.739758501003962,1.0,3.3726204018268557,3.7362637362637363,-0.36364333443688057,-0.36364333443688057,3.008977067389975
11.790296885003045,1.0,3.2577611342065085,3.7362637362637363,-0.47850260205722783,-0.47850260205722783,2.7792585321492806
11.84096813799988,1.0,3.13314981254194,3.3846153846153846,-0.25146557207344467,-0.25146557207344467,2.8816842404684953
11.891455554003187,1.0,3.000080803248963,3.2967032967032965,-0.29662249345433356,-0.29662249345433356,2.7034583097946294
11.941993198001,1.0,2.85850959483256,3.2967032967032965,-0.4381937018707367,-0.4381937018707367,2.420315892961823
11.992395216999284,1.0,2.709545804232741,2.9450549450549453,-0.2355091408222041,-0.2355091408222041,2.474036663410537
12.043109935002576,1.0,2.552428142278469,2.857142857142857,-0.3047147148643883,-0.3047147148643883,2.2477134274140806
12.093397452001227,1.0,2.3901001159961828,2.857142857142857,-0.46704274114667443,-0.46704274114667443,1.9230573748495083
12.144064179999987,1.0,2.2206268553431805,2.769230769230769,-0.5486039138875887,-0.5486039138875887,1.6720229414555918
12.194460582002648,1.0,2.0468402958599983,2.241758241758242,-0.19491794589824352,-0.19491794589824352,1.8519223499617548
12.245061676003388,1.0,1.867815801960772,2.241758241758242,-0.3739424397974698,-0.3739424397974698,1.4938733621633022
12.295734983003058,1.0,1.6847093868253202,2.065934065934066,-0.3812246791087459,-0.3812246791087459,1.3034847077165743
12.346330706997833,1.0,1.4988027326967919,1.8021978021978022,-0.30339506950101036,-0.30339506950101036,1.1954076631957815
12.39695667000342,1.0,1.3104564614890353,1.8021978021978022,-0.49174134070876696,-0.49174134070876696,0.8187151207802683
12.447609248003573,1.0,1.1204427557721122,1.5384615384615385,-0.4180187826894264,-0.4180187826894264,0.7024239730826858
12.497792838003079,1.0,0.931397717106228,1.1868131868131868,-0.25541546970695883,-0.25541546970695883,0.6759822473992692
12.548909949000517,1.0,0.738806826432858,1.098901098901099,-0.360094272468241,-0.360094272468241,0.378712553964617
12.599515344001702,1.0,0.5488899947658235,1.010989010989011,-0.4620990162231875,-0.4620990162231875,0.08679097854263595
12.650035197999387,1.0,0.36080263690184067,0.6593406593406593,-0.29853802243881866,-0.29853802243881866,0.062264614463022006
12.700801931001479,1.0,0.17407941191442233,0.4835164835164835,-0.3094370716020612,-0.3094370716020612,-0.13535765968763885
12.751205396998557,1.0,-0.008294823564347409,0.3956043956043956,-0.403899219168743,-0.403899219168743,-0.4121940427330904
12.80167871300364,1.0,-0.18717845578252246,0.21978021978021978,-0.40695867556274223,-0.40695867556274223,-0.5941371313452647
12.852930393004499,1.0,-0.36424818367678036,-0.04395604395604396,-0.3202921397207364,-0.3202921397207364,-0.6845403233975167
12.90343306199793,1.0,-0.5335120727455163,-0.04395604395604396,-0.4895560287894723,-0.4895560287894723,-1.0230681015349885
12.953657306003151,1.0,-0.6960278000392746,-0.4835164835164835,-0.21251131652279104,-0.21251131652279104,-0.9085391165620655
13.00434092800424,1.0,-0.8534920251287352,-0.6593406593406593,-0.1941513657880759,-0.1941513657880759,-1.0476433909168112
13.055033908000041,1.0,-1.0037790156186315,-0.6593406593406593,-0.34443835627797215,-0.34443835627797215,-1.3482173718966037
13.10528229999909,1.0,-1.1450355811250434,-0.6593406593406593,-0.4856949217843841,-0.4856949217843841,-1.6307305029094277
13.15562810999836,1.0,-1.2782985046535036,-1.010989010989011,-0.26730949366449264,-0.26730949366449264,-1.5456079983179962
13.205930566000461,1.0,-1.40264982011818,-1.2747252747252746,-0.12792454539290543,-0.12792454539290543,-1.5305743655110855
13.256768662002287,1.0,-1.5188847497380802,-1.1868131868131868,-0.33207156292489337,-0.33207156292489337,-1.8509563126629736
13.307509596001182,1.0,-1.6249633729051103,-1.4505494505494505,-0.17441392235565978,-0.17441392235565978,-1.79937729526077
13.358030323004641,1.0,-1.7202934363147098,-1.4505494505494505,-0.26974398576525926,-0.26974398576525926,-1.990037422079969
13.408781516998715,1.0,-1.8053343246910118,-1.5384615384615385,-0.2668727862294733,-0.2668727862294733,-2.072207110920485
13.459296310000354,1.0,-1.878963301684862,-1.7142857142857142,-0.16467758739914773,-0.16467758739914773,-2.04364088908401
13.50977207300457,1.0,-1.9412613563699883,-1.7142857142857142,-0.22697564208427412,-0.22697564208427412,-2.1682369984542627
13.56016843100224,1.0,-1.9919683801234764,-1.7142857142857142,-0.27768266583776224,-0.27768266583776224,-2.269651045961239
13.6105970360004,1.0,-2.0310091862991397,-1.89010989010989,-0.14089929618924968,-0.14089929618924968,-2.1719084824883894
13.662377341999672,1.0,-2.058755165649645,-1.978021978021978,-0.08073318762766668,-0.08073318762766668,-2.1394883532773115
13.712974743000814,1.0,-2.0736764767852947,-1.978021978021978,-0.09565449876331655,-0.09565449876331655,-2.169330975548611
13.763582635001512,1.0,-2.076486089936397,-1.978021978021978,-0.09846411191441895,-0.09846411191441895,-2.174950201850816
13.814768891003041,1.0,-2.0669918215984557,-1.978021978021978,-0.08896984357647764,-0.08896984357647764,-2.1559616651749334
13.865210716001457,1.0,-2.0455369292818792,-1.978021978021978,-0.06751495125990115,-0.06751495125990115,-2.1130518805417804
13.915862182002456,1.0,-2.0119949415071137,-1.978021978021978,-0.033972963485135566,-0.033972963485135566,-2.0459679049922492
13.966435198002728,1.0,-1.9666453188981146,-1.978021978021978,0.011376659123863542,0.011376659123863542,-1.955268659774251
14.017269743002544,1.0,-1.909303681261331,-1.978021978021978,0.068718296760647,0.068718296760647,-1.840585384500684
14.067892470004153,1.0,-1.8407184760096864,-1.978021978021978,0.1373035020122917,0.1373035020122917,-1.7034149739973947
14.11836488800327,1.0,-1.7612056227105415,-1.978021978021978,0.21681635531143661,0.21681635531143661,-1.5443892673991049
14.168914048997976,1.0,-1.6707527171676204,-1.978021978021978,0.3072692608543577,0.3072692608543577,-1.3634834563132627
14.219424276998325,1.0,-1.569918778812229,-1.978021978021978,0.408103199209749,0.408103199209749,-1.16181557960248
14.269803809998848,1.0,-1.4593438371974468,-1.978021978021978,0.5186781408245313,0.5186781408245313,-0.9406656963729154
14.320623407002131,1.0,-1.3381334243117944,-1.7142857142857142,0.3761522899739198,0.3761522899739198,-0.9619811343378746
14.371297047000553,1.0,-1.2080914905508677,-1.4505494505494505,0.24245795999858277,0.24245795999858277,-0.965633530552285
14.421933089004597,1.0,-1.0695166882092122,-1.4505494505494505,0.3810327623402383,0.3810327623402383,-0.6884839258689739
14.472661204999895,1.0,-0.9226031223892439,-1.4505494505494505,0.5279463281602066,0.5279463281602066,-0.3946567942290373
14.523438887998054,1.0,-0.7680375415427578,-1.098901098901099,0.33086355735834116,0.33086355735834116,-0.43717398418441666
14.574286793002102,1.0,-0.6063610108937019,-0.8351648351648352,0.22880382427113333,0.22880382427113333,-0.37755718662256854
14.62496522100264,1.0,-0.43901139803077904,-0.8351648351648352,0.39615343713405615,0.39615343713405615,-0.04285796089672289
14.675514472000941,1.0,-0.26658650224268365,-0.8351648351648352,0.5685783329221515,0.5685783329221515,0.3019918306794679
14.726001413000631,1.0,-0.08958398505782994,-0.3076923076923077,0.21810832263447777,0.21810832263447777,0.12852433757664783
14.776622953999322,1.0,0.09198079516535695,-0.21978021978021978,0.31176101494557673,0.31176101494557673,0.4037418101109337
14.826859182001499,1.0,0.2754891315110366,-0.3076923076923077,0.5831814392033443,0.5831814392033443,0.8586705707143809
14.87746333800169,1.0,0.46294799425051364,0.04395604395604396,0.4189919502944697,0.4189919502944697,0.8819399445449834
14.928099212003872,1.0,0.6523859959184521,0.3956043956043956,0.25678160031405656,0.25678160031405656,0.9091675962325088
14.978723141997762,1.0,0.8428746147966691,0.4835164835164835,0.3593581312801856,0.3593581312801856,1.2022327460768547
15.029074058002152,1.0,1.0326591564883318,0.4835164835164835,0.5491426729718483,0.5491426729718483,1.58180182946018
15.079743866997887,1.0,1.223201328673209,0.8351648351648352,0.3880364935083739,0.3880364935083739,1.6112378221815828
15.130411254001956,1.0,1.412518102506451,1.098901098901099,0.31361700360535205,0.31361700360535205,1.726135106111803
15.180807286000345,1.0,1.5988547309021495,1.098901098901099,0.4999536320010505,0.4999536320010505,2.0988083629032
15.231401639997785,1.0,1.7831982665371153,1.4505494505494505,0.3326488159876648,0.3326488159876648,2.1158470825247804
15.282052761998784,1.0,1.9642668528113105,1.6263736263736264,0.33789322643768416,0.33789322643768416,2.3021600792489947
15.332896035004524,1.0,2.141780619152738,1.6263736263736264,0.5154069927791118,0.5154069927791118,2.65718761193185
15.383696023003722,1.0,2.3141765971428603,1.978021978021978,0.3361546191208822,0.3361546191208822,2.6503312162637425
15.434314865000488,1.0,2.480321861677015,2.1538461538461537,0.32647570783086133,0.32647570783086133,2.8067975695078764
15.485055764998833,1.0,2.6405456734320696,2.1538461538461537,0.48669951958591584,0.48669951958591584,3.1272451930179854
15.535439739003778,1.0,2.792737008696948,2.5054945054945055,0.2872425032024424,0.2872425032024424,3.0799795118993902
15.585605200998543,1.0,2.93682539456793,2.681318681318681,0.255506713249249,0.255506713249249,3.192332107817179
15.636161809998157,1.0,3.073941991039561,2.681318681318681,0.39262330972088,0.39262330972088,3.466565300760441
15.686809806000383,1.0,3.202604117676774,2.681318681318681,0.521285436358093,0.521285436358093,3.723889554034867
15.737432296002225,1.0,3.3219776397630527,3.120879120879121,0.20109851888393182,0.20109851888393182,3.5230761586469845
15.788252090998867,1.0,3.432054540432466,3.208791208791209,0.2232633316412569,0.2232633316412569,3.6553178720737227
15.838891823004815,1.0,3.5315671752418973,3.208791208791209,0.3227759664506884,0.3227759664506884,3.8543431416925857
15.889281053998275,1.0,3.6201068345417475,3.208791208791209,0.4113156257505386,0.4113156257505386,4.031422460292286
15.939994710002793,1.0,3.6983009696529727,3.3846153846153846,0.31368558503758814,0.31368558503758814,4.01198655469056
15.990466112998547,1.0,3.7649353142151485,3.5604395604395602,0.20449575377558826,0.20449575377558826,3.9694310679907368
16.04118756000389,1.0,3.8203864005202046,3.5604395604395602,0.2599468400806444,0.2599468400806444,4.080333240600849
16.091802522998478,1.0,3.8639916375146983,3.5604395604395602,0.3035520770751381,0.3035520770751381,4.167543714589836
16.142009991999657,1.0,3.8954958253457983,3.5604395604395602,0.3350562649062381,0.3350562649062381,4.230552090252036
16.192993178003235,1.0,3.915382449492812,3.7362637362637363,0.1791187132290757,0.1791187132290757,4.094501162721888
16.243622020003386,1.0,3.9229805679189145,3.8241758241758244,0.09880474374309012,0.09880474374309012,4.021785311662004
16.294407065004634,1.0,3.9184070785268243,3.912087912087912,0.006319166438912394,0.006319166438912394,3.9247262449657367
16.345292532001622,1.0,3.9015931928400054,3.912087912087912,-0.01049471924790657,-0.01049471924790657,3.891098473592099
16.39576708900131,1.0,3.8728871461823653,3.912087912087912,-0.039200765905546664,-0.039200765905546664,3.8336863802768186
16.446458577003796,1.0,3.8321178427545384,3.912087912087912,-0.07997006933337358,-0.07997006933337358,3.752147773421165
16.497263196004496,1.0,3.779417877521375,3.912087912087912,-0.1326700345665368,-0.1326700345665368,3.6467478429548383
16.548033270002634,1.0,3.715127280886791,3.912087912087912,-0.19696063120112095,-0.19696063120112095,3.51816664968567
16.598726310003258,1.0,3.6395990662506197,3.912087912087912,-0.27248884583729227,-0.27248884583729227,3.3671102204133274
16.6492224600006,1.0,3.5534078517781165,3.912087912087912,-0.3586800603097955,-0.3586800603097955,3.194727791468321
16.700075915003254,1.0,3.455907338275841,3.912087912087912,-0.456180573812071,-0.456180573812071,2.99972676446377
16.750442804004706,1.0,3.349146321913235,3.6483516483516483,-0.29920532643841335,-0.29920532643841335,3.0499409954748216
16.801083585000015,1.0,3.2320106199910112,3.3846153846153846,-0.15260476462437333,-0.15260476462437333,3.079405855366638
16.851840235001873,1.0,3.105227901167935,3.3846153846153846,-0.27938748344744946,-0.27938748344744946,2.8258404177204857
16.902324078000674,1.0,2.9703225837888194,3.3846153846153846,-0.41429280082656517,-0.41429280082656517,2.5560297829622542
16.953007449003053,1.0,2.826599319654963,3.3846153846153846,-0.5580160649604218,-0.5580160649604218,2.268583254694541
17.00387106600101,1.0,2.6746054126898287,2.9450549450549453,-0.2704495323651166,-0.2704495323651166,2.404155880324712
17.054549692002183,1.0,2.516049257104338,2.769230769230769,-0.25318151212643114,-0.25318151212643114,2.262867744977907
17.105251024004247,1.0,2.350959332396326,2.769230769230769,-0.4182714368344431,-0.4182714368344431,1.932687895561883
17.156273890999728,1.0,2.17897434144001,2.5934065934065935,-0.41443225196658373,-0.41443225196658373,1.764542089473426
17.20705660800013,1.0,2.002672840440197,2.32967032967033,-0.32699748923013283,-0.32699748923013283,1.6756753512100642
17.25752873100282,1.0,1.8230933182430844,2.065934065934066,-0.24284074769098174,-0.24284074769098174,1.5802525705521027
17.30825047200051,1.0,1.638980654728333,1.978021978021978,-0.3390413232936451,-0.3390413232936451,1.2999393314346879
17.35863663600321,1.0,1.453205752471368,1.978021978021978,-0.5248162255506101,-0.5248162255506101,0.9283895269207578
17.409462898001948,1.0,1.2636578912672283,1.89010989010989,-0.6264519988426618,-0.6264519988426618,0.6372058924245665
17.46025584200106,1.0,1.0728465864289412,1.3626373626373627,-0.28979077620842153,-0.28979077620842153,0.7830558102205196
17.510916856997937,1.0,0.881922632670352,1.098901098901099,-0.216978466230747,-0.216978466230747,0.664944166439605
17.561421949998476,1.0,0.6917514749746689,1.098901098901099,-0.40714962392643006,-0.40714962392643006,0.2846018510482389
17.611904176999815,1.0,0.5025971364748612,1.010989010989011,-0.5083918745141498,-0.5083918745141498,-0.005794738039288649
17.66261917600059,1.0,0.3142750957304675,0.5714285714285714,-0.2571534756981039,-0.2571534756981039,0.05712162003236365
17.713070637000783,1.0,0.12938297195830706,0.3956043956043956,-0.26622142364608853,-0.26622142364608853,-0.13683845168778147
17.76349260400457,1.0,-0.05221485343310728,0.3956043956043956,-0.44781924903750286,-0.44781924903750286,-0.5000341024706101
17.814272936004272,1.0,-0.2311455560532425,0.13186813186813187,-0.36301368792137434,-0.36301368792137434,-0.5941592439746168
17.865143057999376,1.0,-0.40568132138783164,-0.13186813186813187,-0.2738131895196998,-0.2738131895196998,-0.6794945109075314
17.91558581100253,1.0,-0.5733928748200805,-0.13186813186813187,-0.44152474295194866,-0.44152474295194866,-1.0149176177720292
17.966327608002757,1.0,-0.7360329165300683,-0.4835164835164835,-0.2525164330135848,-0.2525164330135848,-0.988549349543653
18.01713819100405,1.0,-0.8921360184812539,-0.6593406593406593,-0.23279535914059457,-0.23279535914059457,-1.1249313776218486
18.068002566003997,1.0,-1.04099451996962,-0.6593406593406593,-0.3816538606289607,-0.3816538606289607,-1.4226483805985808
18.11837158200069,1.0,-1.1805004646021422,-0.9230769230769231,-0.25742354152521907,-0.25742354152521907,-1.4379240061273613
18.169158982003864,1.0,-1.3126336311460103,-1.098901098901099,-0.2137325322449113,-0.2137325322449113,-1.5263661633909216
18.219790729002852,1.0,-1.435300841889165,-1.098901098901099,-0.3363997429880661,-0.3363997429880661,-1.7717005848772311
18.27046927400079,1.0,-1.548524007752538,-1.098901098901099,-0.44962290885143896,-0.44962290885143896,-1.998146916603977
18.3212214410014,1.0,-1.6518688662641827,-1.3626373626373627,-0.28923150362682004,-0.28923150362682004,-1.9411003698910028
18.37167048900301,1.0,-1.74422079861506,-1.6263736263736264,-0.1178471722414336,-0.1178471722414336,-1.8620679708564936
18.422453607003263,1.0,-1.8263603738843674,-1.6263736263736264,-0.19998674751074108,-0.19998674751074108,-2.0263471213951085
18.47327660299925,1.0,-1.8973579677112735,-1.6263736263736264,-0.27098434133764715,-0.27098434133764715,-2.1683423090489207
18.52420078900468,1.0,-1.9569620936878571,-1.6263736263736264,-0.33058846731423075,-0.33058846731423075,-2.287550561002088
18.574785069999052,1.0,-2.004496501681679,-1.8021978021978022,-0.2022986994838767,-0.2022986994838767,-2.206795201165556
18.62531519500044,1.0,-2.040173750647786,-1.978021978021978,-0.062151772625807844,-0.062151772625807844,-2.102325523273594
18.675680854001257,1.0,-2.0638494309049378,-1.978021978021978,-0.08582745288295968,-0.08582745288295968,-2.1496768837878975
18.7262092029996,1.0,-2.07558248492753,-1.978021978021978,-0.09756050690555185,-0.09756050690555185,-2.173142991833082
18.776669659004256,1.0,-2.075238444082209,-1.978021978021978,-0.09721646606023082,-0.09721646606023082,-2.1724549101424397
18.827532711002277,1.0,-2.062695290174325,-1.978021978021978,-0.08467331215234708,-0.08467331215234708,-2.1473686023266723
18.87776683500124,1.0,-2.038338467487957,-1.978021978021978,-0.06031648946597912,-0.06031648946597912,-2.0986549569539363
18.92846879499848,1.0,-2.0017928868211667,-1.978021978021978,-0.02377090879918864,-0.02377090879918864,-2.0255637956203554
18.97919563100004,1.0,-1.953351267144911,-1.978021978021978,0.02467071087706718,0.02467071087706718,-1.9286805562678437
19.029387930000667,1.0,-1.8939190629390847,-1.978021978021978,0.08410291508289336,0.08410291508289336,-1.8098161478561914
19.080276683002012,1.0,-1.8222261690767991,-1.978021978021978,0.15579580894517897,0.15579580894517897,-1.6664303601316202
19.13115203200141,1.0,-1.739333649892907,-1.978021978021978,0.23868832812907104,0.23868832812907104,-1.500645321763836
19.181667096003366,1.0,-1.6462642510924972,-1.978021978021978,0.3317577269294809,0.3317577269294809,-1.3145065241630163
19.232686324998213,1.0,-1.5417619538953,-1.978021978021978,0.4362600241266781,0.4362600241266781,-1.105501929768622
19.283613519000937,1.0,-1.4273472002615952,-1.978021978021978,0.5506747777603829,0.5506747777603829,-0.8766724225012124
19.334345096001925,1.0,-1.3038035170684845,-1.6263736263736264,0.32257010930514185,0.32257010930514185,-0.9812334077633427
19.385109312999703,1.0,-1.1711242765036836,-1.3626373626373627,0.19151308613367912,0.19151308613367912,-0.9796111903700044
19.435831570001028,1.0,-1.030045762637364,-1.3626373626373627,0.33259159999999865,0.33259159999999865,-0.6974541626373654
19.486617989998194,1.0,-0.8808416769079996,-1.3626373626373627,0.48179568572936304,0.48179568572936304,-0.3990459911786366
19.537160767999012,1.0,-0.7250602739623699,-1.3626373626373627,0.6375770886749927,0.6375770886749927,-0.0874831852873772
19.587976825001533,1.0,-0.5617373739773115,-0.7472527472527473,0.18551537327543577,0.18551537327543577,-0.3762220007018757
19.63818656300282,1.0,-0.3944157473728658,-0.5714285714285714,0.17701282405570562,0.17701282405570562,-0.21740292331716016
19.688771635002922,1.0,-0.22054287687353846,-0.6593406593406593,0.43879778246712087,0.43879778246712087,0.2182549055935824
19.739672613999574,1.0,-0.040922748848606805,-0.6593406593406593,0.6184179104920525,0.6184179104920525,0.5774951616434457
19.790591208002297,1.0,0.1427042641660612,-0.21978021978021978,0.36248448394628097,0.36248448394628097,0.5051887481123422
19.841261927998858,1.0,0.32860925268018926,0.04395604395604396,0.2846532087241453,0.2846532087241453,0.6132624614043345
19.8916658119997,1.0,0.5159270135663196,0.04395604395604396,0.4719709696102757,0.4719709696102757,0.9878979831765953
19.941909762004798,1.0,0.704276328624192,0.13186813186813187,0.5724081967560601,0.5724081967560601,1.2766845253802521
19.992600237004808,1.0,0.8951808758233551,0.6593406593406593,0.23584021648269582,0.23584021648269582,1.1310210923060509
